TDSFU Daily run: Sun Oct 26 12:55:17 UTC 2025 TDSFU
TDSFU Daily run: Mon Oct 27 04:43:26 UTC 2025 TDSFU
TDSFU Daily run: Tue Oct 28 04:36:40 UTC 2025 TDSFU
TDSFU Daily run: Wed Oct 29 04:41:56 UTC 2025 TDSFU
TDSFU Daily run: Thu Oct 30 04:35:59 UTC 2025 TDSFU
TDSFU Daily run: Fri Oct 31 04:39:33 UTC 2025 TDSFU
TDSFU Daily run: Sat Nov  1 04:34:06 UTC 2025 TDSFU
TDSFU Daily run: Sun Nov  2 04:36:01 UTC 2025 TDSFU
TDSFU Daily run: Mon Nov  3 04:42:51 UTC 2025 TDSFU
TDSFU Daily run: Tue Nov  4 04:36:50 UTC 2025 TDSFU
TDSFU Daily run: Wed Nov  5 04:37:55 UTC 2025 TDSFU
TDSFU Daily run: Thu Nov  6 04:42:14 UTC 2025 TDSFU
TDSFU Daily run: Fri Nov  7 04:36:35 UTC 2025 TDSFU
